factory_blocks:bcircuit	ctm	factory_blocks:block/bcircuit	block/cube_all	factory_blocks:block/ctm/bcircuit/0	factory_blocks:block/ctm/bcircuit/1	factory_blocks:block/ctm/bcircuit/4	factory_blocks:block/ctm/bcircuit/2	factory_blocks:block/ctm/bcircuit/3	1e4f9b6b5d1697514929a7314b7f1d1f8da34837617337ac3cb5ddbf0e4201e0
factory_blocks:bwireframe	ctm	factory_blocks:block/bwireframe	block/cube_all	factory_blocks:block/ctm/bwireframe/0	factory_blocks:block/ctm/bwireframe/1	factory_blocks:block/ctm/bwireframe/4	factory_blocks:block/ctm/bwireframe/2	factory_blocks:block/ctm/bwireframe/3	69fe3769ff783a7874da1fa2d4dad44bcd030121c9964fb06d6dcd8466b9f5c7
factory_blocks:cables	ctm	factory_blocks:block/cables	block/cube_all	factory_blocks:block/ctm/cables/0	factory_blocks:block/ctm/cables/1	factory_blocks:block/ctm/cables/4	factory_blocks:block/ctm/cables/2	factory_blocks:block/ctm/cables/3	3b26aa59014aa07bc2aab351e19703d38863d4a13336caf9b6e40a0c18e0ff86
factory_blocks:caution	ctm	factory_blocks:block/caution	block/cube_all	factory_blocks:block/ctm/caution/0	factory_blocks:block/ctm/caution/1	factory_blocks:block/ctm/caution/4	factory_blocks:block/ctm/caution/2	factory_blocks:block/ctm/caution/3	06b60a1a5a37390c1d203eed1a68211cb14aaf6b298c29d7d42610631d389d64
factory_blocks:circuit	ctm	factory_blocks:block/circuit	block/cube_all	factory_blocks:block/ctm/circuit/0	factory_blocks:block/ctm/circuit/1	factory_blocks:block/ctm/circuit/4	factory_blocks:block/ctm/circuit/2	factory_blocks:block/ctm/circuit/3	d86dea2a4ca043d932e767b5edddbb57974f2788436e1350f01f18d279413a5c
factory_blocks:engineer	ctm	factory_blocks:block/engineer	block/cube_all	factory_blocks:block/ctm/engineer/0	factory_blocks:block/ctm/engineer/1	factory_blocks:block/ctm/engineer/4	factory_blocks:block/ctm/engineer/2	factory_blocks:block/ctm/engineer/3	7c2eee8e5be178a33aeeb6854ab01968d6bb8f7f9b3373c0ca81c2c4b34ebd11
factory_blocks:exhaust	ctm	factory_blocks:block/exhaust	block/cube_all	factory_blocks:block/ctm/exhaust/0	factory_blocks:block/ctm/exhaust/1	factory_blocks:block/ctm/exhaust/4	factory_blocks:block/ctm/exhaust/2	factory_blocks:block/ctm/exhaust/3	0f0bac7092dca17e59caaf451e48ca98445fd040512e3b5ff4864374871f0ac8
factory_blocks:factory	ctm	factory_blocks:block/factory	block/cube_all	factory_blocks:block/ctm/factory/0	factory_blocks:block/ctm/factory/1	factory_blocks:block/ctm/factory/4	factory_blocks:block/ctm/factory/2	factory_blocks:block/ctm/factory/3	e7506618de79babaa0700ec43281a750eb394030a3b7eb97a9b5dd8099881d12
factory_blocks:gcircuit	ctm	factory_blocks:block/gcircuit	block/cube_all	factory_blocks:block/ctm/gcircuit/0	factory_blocks:block/ctm/gcircuit/1	factory_blocks:block/ctm/gcircuit/4	factory_blocks:block/ctm/gcircuit/2	factory_blocks:block/ctm/gcircuit/3	d74f18bb410e2616bc88f0b5a71b94f4d9d5abcbe8024c60ba2cccfcd1863fa1
factory_blocks:gears	ctm	factory_blocks:block/gears	block/cube_all	factory_blocks:block/ctm/gears/0	factory_blocks:block/ctm/gears/1	factory_blocks:block/ctm/gears/4	factory_blocks:block/ctm/gears/2	factory_blocks:block/ctm/gears/3	c014aa6fce16295d59e7bff0cfc348a587f0f96330cfd5b69487342d5904193e
factory_blocks:grate	ctm	factory_blocks:block/grate	block/cube_all	factory_blocks:block/ctm/grate/0	factory_blocks:block/ctm/grate/1	factory_blocks:block/ctm/grate/4	factory_blocks:block/ctm/grate/2	factory_blocks:block/ctm/grate/3	2fbcbc1e22a8ab56c07398faba184ffe141ad04702c12d29e3e80bb9cd3c189a
factory_blocks:grinder	ctm	factory_blocks:block/grinder	block/cube_all	factory_blocks:block/ctm/grinder/0	factory_blocks:block/ctm/grinder/1	factory_blocks:block/ctm/grinder/4	factory_blocks:block/ctm/grinder/2	factory_blocks:block/ctm/grinder/3	da24b872122d97d54e01cc0abb146c2ada8219fb1d114a2687f48b5cb170b5cc
factory_blocks:gvent	ctm	factory_blocks:block/gvent	block/cube_all	factory_blocks:block/ctm/gvent/0	factory_blocks:block/ctm/gvent/1	factory_blocks:block/ctm/gvent/4	factory_blocks:block/ctm/gvent/2	factory_blocks:block/ctm/gvent/3	6253acc8d9253d0a515e639da85fbbea20a88389a071ff056000e930015c7f35
factory_blocks:hazard	ctm	factory_blocks:block/hazard	block/cube_all	factory_blocks:block/ctm/hazard/0	factory_blocks:block/ctm/hazard/1	factory_blocks:block/ctm/hazard/4	factory_blocks:block/ctm/hazard/2	factory_blocks:block/ctm/hazard/3	cee4ca64418f974c94fd84b7bf294d7e81cbb2c6877ecd60710fec60f61ae978
factory_blocks:hazardo	ctm	factory_blocks:block/hazardo	block/cube_all	factory_blocks:block/ctm/hazardo/0	factory_blocks:block/ctm/hazardo/1	factory_blocks:block/ctm/hazardo/4	factory_blocks:block/ctm/hazardo/2	factory_blocks:block/ctm/hazardo/3	3d1f557d32aa1715ba77cd392d5b6b1dac90f6b20566825f78eef83c5a0bab60
factory_blocks:hex	giant	factory_blocks:block/hex	block/cube_all	factory_blocks:block/hex	factory_blocks:block/ctm/hex/1	factory_blocks:block/ctm/hex/2	factory_blocks:block/ctm/hex/3	factory_blocks:block/ctm/hex/4	factory_blocks:block/ctm/hex/5	factory_blocks:block/ctm/hex/6	factory_blocks:block/ctm/hex/7	factory_blocks:block/ctm/hex/8	factory_blocks:block/ctm/hex/9	59b3b588b4dde177ca61008b9526967b9da66b0abcd0f26435957284841cd411
factory_blocks:ice	ctm	factory_blocks:block/ice	block/cube_all	factory_blocks:block/ctm/ice/0	factory_blocks:block/ctm/ice/1	factory_blocks:block/ctm/ice/4	factory_blocks:block/ctm/ice/2	factory_blocks:block/ctm/ice/3	3541aa6e1f687359163c14b55de9ff5cb9616410c344aeccabb04ad6e69973d1
factory_blocks:insulation	ctm	factory_blocks:block/insulation	block/cube_all	factory_blocks:block/ctm/insulation/0	factory_blocks:block/ctm/insulation/1	factory_blocks:block/ctm/insulation/4	factory_blocks:block/ctm/insulation/2	factory_blocks:block/ctm/insulation/3	c60ebc68539dffbdeb002297333e5894c5c8d6a33c3ae0f40fde818de623b9bd
factory_blocks:large_pipes	ctm	factory_blocks:block/large_pipes	block/cube_all	factory_blocks:block/ctm/large_pipes/0	factory_blocks:block/ctm/large_pipes/1	factory_blocks:block/ctm/large_pipes/4	factory_blocks:block/ctm/large_pipes/2	factory_blocks:block/ctm/large_pipes/3	ebebcdeabab85b9a0add1caf5ab8ddf5bad06eccbdc8460a929baa7d59385936
factory_blocks:large_plating	giant	factory_blocks:block/large_plating	block/cube_all	factory_blocks:block/large_plating	factory_blocks:block/ctm/large_plating/1	factory_blocks:block/ctm/large_plating/2	factory_blocks:block/ctm/large_plating/3	factory_blocks:block/ctm/large_plating/4	factory_blocks:block/ctm/large_plating/5	factory_blocks:block/ctm/large_plating/6	factory_blocks:block/ctm/large_plating/7	factory_blocks:block/ctm/large_plating/8	factory_blocks:block/ctm/large_plating/9	17532fada79844c96bc9103b3cd1aa89beefc15143b82f46a7274b914fb894b5
factory_blocks:mosaic	ctm	factory_blocks:block/mosaic	block/cube_all	factory_blocks:block/ctm/mosaic/0	factory_blocks:block/ctm/mosaic/1	factory_blocks:block/ctm/mosaic/4	factory_blocks:block/ctm/mosaic/2	factory_blocks:block/ctm/mosaic/3	e3f6e887033ad7d366e0c43d0ded3df74423af37a50f01726e2a2766ea26916f
factory_blocks:old_vents	giant	factory_blocks:block/old_vents	block/cube_all	factory_blocks:block/old_vents	factory_blocks:block/ctm/old_vents/1	factory_blocks:block/ctm/old_vents/2	factory_blocks:block/ctm/old_vents/3	factory_blocks:block/ctm/old_vents/4	factory_blocks:block/ctm/old_vents/5	factory_blocks:block/ctm/old_vents/6	factory_blocks:block/ctm/old_vents/7	factory_blocks:block/ctm/old_vents/8	factory_blocks:block/ctm/old_vents/9	c1a4ffb4506106d18910902dc70d5fde3343fffb7bee2d830d9bb94fcc9a67e6
factory_blocks:pgcircuit	ctm	factory_blocks:block/pgcircuit	block/cube_all	factory_blocks:block/ctm/pgcircuit/0	factory_blocks:block/ctm/pgcircuit/1	factory_blocks:block/ctm/pgcircuit/4	factory_blocks:block/ctm/pgcircuit/2	factory_blocks:block/ctm/pgcircuit/3	50ed2bec987a11b1a60d7ebd8a456e340dac7a77a3375093244e3ea97292a9ee
factory_blocks:pwireframe	ctm	factory_blocks:block/pwireframe	block/cube_all	factory_blocks:block/ctm/pwireframe/0	factory_blocks:block/ctm/pwireframe/1	factory_blocks:block/ctm/pwireframe/4	factory_blocks:block/ctm/pwireframe/2	factory_blocks:block/ctm/pwireframe/3	e3260e984cd7de863c59b36038f5aff598b6e76681429827136a05d3ab2be53a
factory_blocks:rgrate	ctm	factory_blocks:block/rgrate	block/cube_all	factory_blocks:block/ctm/rgrate/0	factory_blocks:block/ctm/rgrate/1	factory_blocks:block/ctm/rgrate/4	factory_blocks:block/ctm/rgrate/2	factory_blocks:block/ctm/rgrate/3	7f0b909e60929a72e918226b174cf77de147ae0f8e7d9f38b2df30c741dd981b
factory_blocks:rust	ctm	factory_blocks:block/rust	block/cube_all	factory_blocks:block/ctm/rust/0	factory_blocks:block/ctm/rust/1	factory_blocks:block/ctm/rust/4	factory_blocks:block/ctm/rust/2	factory_blocks:block/ctm/rust/3	e9122b61bd2b9affb502c0ce875ce01396a8878e9696be43204fe9d6513ee9fb
factory_blocks:rust_plates	ctm	factory_blocks:block/rust_plates	block/cube_all	factory_blocks:block/ctm/rust_plates/0	factory_blocks:block/ctm/rust_plates/1	factory_blocks:block/ctm/rust_plates/4	factory_blocks:block/ctm/rust_plates/2	factory_blocks:block/ctm/rust_plates/3	e103f458db70a77233d4815791553b9cc3ad89982e767d1c6a8cbcbc6e6294db
factory_blocks:rusty_scaffold	ctm	factory_blocks:block/rusty_scaffold	block/cube_all	factory_blocks:block/ctm/rusty_scaffold/0	factory_blocks:block/ctm/rusty_scaffold/1	factory_blocks:block/ctm/rusty_scaffold/4	factory_blocks:block/ctm/rusty_scaffold/2	factory_blocks:block/ctm/rusty_scaffold/3	6e569f6dd1daa7469bffcdf985c86947eada83e3aed55f36c985821aba798544
factory_blocks:scaffold	ctm	factory_blocks:block/scaffold	block/cube_all	factory_blocks:block/ctm/scaffold/0	factory_blocks:block/ctm/scaffold/1	factory_blocks:block/ctm/scaffold/4	factory_blocks:block/ctm/scaffold/2	factory_blocks:block/ctm/scaffold/3	94199035e65049a831981a4959dde6d34f3638198a4f56fcf25300f358408128
factory_blocks:small_pipes	ctm	factory_blocks:block/small_pipes	block/cube_all	factory_blocks:block/ctm/small_pipes/0	factory_blocks:block/ctm/small_pipes/1	factory_blocks:block/ctm/small_pipes/4	factory_blocks:block/ctm/small_pipes/2	factory_blocks:block/ctm/small_pipes/3	f26b8681054772e113dfeed6b4cee2b2f519bede29e54139a9c4c2aacb277630
factory_blocks:srust	ctm	factory_blocks:block/srust	block/cube_all	factory_blocks:block/ctm/srust/0	factory_blocks:block/ctm/srust/1	factory_blocks:block/ctm/srust/4	factory_blocks:block/ctm/srust/2	factory_blocks:block/ctm/srust/3	415d0b43ee25b134d701ccb793d6525ddd877073bf646d7cc5719fbda6db6580
factory_blocks:sturdy	ctm	factory_blocks:block/sturdy	block/cube_all	factory_blocks:block/ctm/sturdy/0	factory_blocks:block/ctm/sturdy/1	factory_blocks:block/ctm/sturdy/4	factory_blocks:block/ctm/sturdy/2	factory_blocks:block/ctm/sturdy/3	e56fd436036af8c3f231c89a585e16f3e682bb76a34bd604914d1e24516eb9e5
factory_blocks:vent	ctm	factory_blocks:block/vent	block/cube_all	factory_blocks:block/ctm/vent/0	factory_blocks:block/ctm/vent/1	factory_blocks:block/ctm/vent/4	factory_blocks:block/ctm/vent/2	factory_blocks:block/ctm/vent/3	f05494c8399bc8bf69e159abab1b2ffc6a6bf31887567c8620c5660d9473ce0b
factory_blocks:vrust	ctm	factory_blocks:block/vrust	block/cube_all	factory_blocks:block/ctm/vrust/0	factory_blocks:block/ctm/vrust/1	factory_blocks:block/ctm/vrust/4	factory_blocks:block/ctm/vrust/2	factory_blocks:block/ctm/vrust/3	63d08ca0b9c91a1f9578e50879f59b40a71a3d551b87e55b03658f7977609be5
factory_blocks:wireframe	ctm	factory_blocks:block/wireframe	block/cube_all	factory_blocks:block/ctm/wireframe/0	factory_blocks:block/ctm/wireframe/1	factory_blocks:block/ctm/wireframe/4	factory_blocks:block/ctm/wireframe/2	factory_blocks:block/ctm/wireframe/3	53952d98fec945148c894d520cd59411bf7040c61343d3080f53666f2695eabd
