assets/factory_blocks/blockstates/bcircuit.json	f823126fbe51a260c7461c5d0513a1f6d1abfe91a89eba67405b98e5b9360b25
assets/factory_blocks/blockstates/bwireframe.json	dc19b16df47d4c5d0128ab62acd3588b43d2612c94ad333024426284dafe7b10
assets/factory_blocks/blockstates/cables.json	0f4f97491c3e88868acb90eae3c8ff91d719e62e811970ad63a4cbee78a4fd25
assets/factory_blocks/blockstates/caution.json	75def206a170b71dabce1ed4e16ea7d623b45d53333bdb9d3d32c9665fde4945
assets/factory_blocks/blockstates/circuit.json	5a7bd6b8ef524e2516004fd073ac2a2559066068170b8e47ca88bf14832a7979
assets/factory_blocks/blockstates/engineer.json	14897388ff64e23368628565ca88768411173b3171da3aafa4977d0bae1b293b
assets/factory_blocks/blockstates/exhaust.json	f26c1b6a71fee428e3a70907361d04d771ad85a5d92b1a85b6072af77b06672d
assets/factory_blocks/blockstates/factory.json	04b7241d368c132d4c72b20238c3457aa5efb9ace624288910f11d2fd183109c
assets/factory_blocks/blockstates/gcircuit.json	b62bd47896e8a082164eed74dd5f021dd0fab8daadafb311eebbf637b232c8e7
assets/factory_blocks/blockstates/gears.json	b22bfd3a0adaa38e3f7d02a214e6340aa2230cef7ce29e6b7221cfd5fd388d30
assets/factory_blocks/blockstates/grate.json	84c3d7c6ea540ca382f3cd2470b1d7b3fd42bcad3bb3e1221fc0c9900213e3ca
assets/factory_blocks/blockstates/grinder.json	b6929af00ddf508e784418d7041b7bb01895c110a03bb621080440a6fb0ecbe3
assets/factory_blocks/blockstates/gvent.json	8fb8553d0382d6e884e0f29cf9248bb34bf10dc84a1d2e067b74305d5b1e0366
assets/factory_blocks/blockstates/hazard.json	1cf9d545551746cb5aa2937c9acdb91bebc433e760a5cf42b5761369bf71bbdb
assets/factory_blocks/blockstates/hazardo.json	f5d5afdf61609d18a765ea798cfa396d2731e4c7d75c54868d4201244e499fa3
assets/factory_blocks/blockstates/hex.json	e819beb8f6bca0b04d4c53e8bae437f2b343c89e42a1c803874dd3f40b5a7a02
assets/factory_blocks/blockstates/ice.json	b0727001ff4a4d0b1f98308b66de6eeba1861affe6bfa525fdfde3328909283b
assets/factory_blocks/blockstates/insulation.json	1cfb8d2e5d0376b3dde4b7ea2b9313d31be7386da010c908e2570c3991f59560
assets/factory_blocks/blockstates/large_pipes.json	abfef927f703cdd7d2f731292a9830fea0acaf7eb569572843320f99a441aae9
assets/factory_blocks/blockstates/large_plating.json	743bea59c3a0eca5ba5a80a8029a5704fef43bc70ee7cb25275210e1e0b1644b
assets/factory_blocks/blockstates/mosaic.json	29aa6b3d32dd15f24e1d8911f2cb7c3f2c3a4ba8a23067d239d0a934953a4fed
assets/factory_blocks/blockstates/old_vents.json	52d269e3b3c517609f8036d07facb6947873a96a4d0080534d6382d23150543d
assets/factory_blocks/blockstates/pgcircuit.json	764f4d384f414862cf41685da9bb20ea67d57355c84720b0eedfbc5faf2b897b
assets/factory_blocks/blockstates/pwireframe.json	b8ad491ae76a308007518dbc7b7003516489d11de897a64b7aa4262bf01afb82
assets/factory_blocks/blockstates/rgrate.json	7a408fcc5fd2434f3225c3f975216ce1acbfa1888f3c3ad505fa2a3228bbdfe3
assets/factory_blocks/blockstates/rust.json	68b87e6c56cf0fc45b934c8e954d3b8808f361fd946e5bd283c00c3be45d9e30
assets/factory_blocks/blockstates/rust_plates.json	a84fcf017f1cc77fb8204a44b695696b0c6dddffba1e970e728987119adc9bb1
assets/factory_blocks/blockstates/rusty_scaffold.json	c798453fb9cf8fdcfcfb4009ae8237439e27616ba57b8bc61428bb6ad0c274ea
assets/factory_blocks/blockstates/scaffold.json	9ee6e07fd2b864d62f16da6e9f407fd1459ccb432bb61995c1af17101c72179b
assets/factory_blocks/blockstates/small_pipes.json	57ae0ee594427f878093933b8b0fd4faf84c27e08990422aaff5752b63918b27
assets/factory_blocks/blockstates/srust.json	7a7032196494f6c797414b34e8588bbdeeb7b39b3d071ac34a751ebe06ee4437
assets/factory_blocks/blockstates/sturdy.json	83d21c105284603716465ccc267d9476abe4661f12594497d237f3580bd74aa1
assets/factory_blocks/blockstates/vent.json	10cb13f1715944eca08ec5d2cd7b0a40f69d2a45d5bf56f7ba72e11a51507837
assets/factory_blocks/blockstates/vrust.json	7ecbddaf2739217e4d1154a877c76df73fed20adc366e546edc96671ac25584d
assets/factory_blocks/blockstates/wireframe.json	962f3e14bd7fbda44845a1f8889397dff1e7ce27436ed0438285b8d4c7a915c9
assets/factory_blocks/models/block/bcircuit.json	9196543834f9a941791a8469d710d0edd77ffc5ba50b27eb4c1fd33e6e32a46e
assets/factory_blocks/models/block/bwireframe.json	c8a2972b544e7142642eca1e38c502e709f84e33f007857d4bdb991e5f056dc8
assets/factory_blocks/models/block/cables.json	301e97a83c7287fe000a5812bfdfdd9f82f6d71c70ed0b1d377219d3bca668a7
assets/factory_blocks/models/block/caution.json	4b5e6a1c19c4b5142b8f6137357c4925e4fe4923e4687131729af3c604b75e76
assets/factory_blocks/models/block/circuit.json	6bae08f561960214f1c660597c9e1716050759233b6573c38b5e8660c8339cb8
assets/factory_blocks/models/block/engineer.json	bdf566765fa66042fcb668b96e219a1ef7b7a553373f2078707687a4dd6d10ea
assets/factory_blocks/models/block/exhaust.json	f43cbd4aadd4e36e93887baf070be2e48960230e15748e029fb2f5459ab12d06
assets/factory_blocks/models/block/factory.json	2dfbca492257bdac345f8e9af8a2ed9344e3b76a0053eabc73427e6f6fc44609
assets/factory_blocks/models/block/gcircuit.json	317f8e9ddb1b1d0919715d05c6bb42a45d6350997a646193b43200cfbbf7e648
assets/factory_blocks/models/block/gears.json	4b216df7cd1c0b1d932d593b3d158f6d2359afd23459653eb1845d71c3c4c357
assets/factory_blocks/models/block/grate.json	a84181aa3936de8b74187405f5251b43cdb7362056dfef535cd406e6e162d81c
assets/factory_blocks/models/block/grinder.json	b5fc77163a7005204011739b6acb01d993b70184b54d0271e3a7fa5e76149b37
assets/factory_blocks/models/block/gvent.json	65e4539a1b57d378ca9af883ca07f5d7550d3cc69cb760a2db1b35f87c2e5622
assets/factory_blocks/models/block/hazard.json	121b1b83232d360ba090bbd982098e451bbd51b9e4ee9918a1b2c7b013cd8121
assets/factory_blocks/models/block/hazardo.json	12512925d8ed2d4d121bb618004f8194cae17dec20169b7f32a4ca8f2be2d182
assets/factory_blocks/models/block/hex.json	aca0122d34d5a3dd24644cad1156631fe94a19ba63601ccce07ed2ea6b0e71fb
assets/factory_blocks/models/block/ice.json	61b2c7d3682147bb586006b2f4b734059787e89e77d5749407cce8982611ab27
assets/factory_blocks/models/block/insulation.json	e29063c3d8e26a8677c857542f947354d466eed0fd9a210ebd8233d7c9b99be7
assets/factory_blocks/models/block/large_pipes.json	b7417d13b449e0601fd92cbd8e6deae32d1cd1c981d5c7634392d7082cb80e29
assets/factory_blocks/models/block/large_plating.json	e77712f163c37679756377488a8d7eabf71aabee7b40e89ce79f3a40aa9a37ce
assets/factory_blocks/models/block/mosaic.json	575abcc395734bb88637f0c5a5b41bfdd6a443bfb7ff39f9d39684ce561bbb8f
assets/factory_blocks/models/block/old_vents.json	4f71dcca3c6759bc4206c25ac524a844833e990cf3ec3911e6be847fa4229252
assets/factory_blocks/models/block/pgcircuit.json	cfb2b9e4bd499077c3ee9aa704826a32b4533f76237cbeac14d1593baad7e580
assets/factory_blocks/models/block/pwireframe.json	914e1700adb9217a3be324c2dd698b47a46621976e2644076965277bc50a0e2a
assets/factory_blocks/models/block/rgrate.json	f1280dec9b0b6ed06f94356d6be378b0711ab131c5ab8433e43a4a1d84d17c8e
assets/factory_blocks/models/block/rust.json	c391c32725ce35766d0f537a3707dc1ae1146269292e68dd2a10125a0eea62f5
assets/factory_blocks/models/block/rust_plates.json	2af07a5182880b0e5cac9ac223b67d1a93220d351616c20610b6b9fa4b46fab3
assets/factory_blocks/models/block/rusty_scaffold.json	a185f0acbb0c5b3c79dc708da6687f176012e9569ee43a8336a8313872405c6d
assets/factory_blocks/models/block/scaffold.json	8e69b4f8eee4fe8cf49db9900edf6f48af883b21f48b9bd36a7129c5c830f3b7
assets/factory_blocks/models/block/small_pipes.json	2b8a53863f422f635543763e94dceb4e79b1979c529fdcfdaf027b88f3bacd4f
assets/factory_blocks/models/block/srust.json	3fcb78556db2db0955f10bbe2ae99636e0cc82bd4c5f1d923dfbabcea321658e
assets/factory_blocks/models/block/sturdy.json	b672013546e7d8cbb8bf5cf50ead342c64fc196e43e552cbd42c7d8feb7f8331
assets/factory_blocks/models/block/vent.json	b1aefee84ac17c07df67c3cbcf0fdee4e290f66a7f5a751e0b28f767bf9c6ac7
assets/factory_blocks/models/block/vrust.json	b0b6c4f306163bbfd4c7f25d5a76d9a1035918e6af76bc133607f2f464403b80
assets/factory_blocks/models/block/wireframe.json	227d70e676d382ac9258c489e04cabe6a76c646ae1bdba3a1caa0ca7a5a2bb1b
assets/factory_blocks/textures/block/ctm/bcircuit/0.png	28082ef31bcf9714e7d7f3f8583675e2ebf6a4cb0ed114cf699c5ae4f4613a85
assets/factory_blocks/textures/block/ctm/bcircuit/1.png	dc814f5f09cfe7d40d32daba770acb9131f42d5a952373348254851b850d32da
assets/factory_blocks/textures/block/ctm/bcircuit/2.png	80bfede7f91b7010c9196429cb3b6cf2be19f3f9dd78dde772192e99d6941ffd
assets/factory_blocks/textures/block/ctm/bcircuit/3.png	5c4ec2fe6e93f50a7c570ca7c257dcbb4ace002c66178b476703e731adb0e2d7
assets/factory_blocks/textures/block/ctm/bcircuit/4.png	d62fb605b861713264969209da439dba33358830243bd38c22be9715407c8dca
assets/factory_blocks/textures/block/ctm/bwireframe/0.png	ef3d678cad6b609f56f04956104f22b99feb646260221e70e0423ab23351628c
assets/factory_blocks/textures/block/ctm/bwireframe/1.png	3e3ef6bcb18571bd6d97b01e286b08f7f3019ea42551321cc917adf0a58b8214
assets/factory_blocks/textures/block/ctm/bwireframe/2.png	39bcd0404ffe7dd37739a5265e01fa43156e2595346d85a615583a52eeb5270e
assets/factory_blocks/textures/block/ctm/bwireframe/3.png	affe83d51a736ff7cdeafa2d00ca599f543d3f83114cf8a406fcd659ad3cf4e7
assets/factory_blocks/textures/block/ctm/bwireframe/4.png	1899fd0a300a8a822606dcc0b5999da53c944dac577dcfa013060e0c6b2b174b
assets/factory_blocks/textures/block/ctm/cables/0.png	742ba8d88c17ad275fa1bb6a5e75cc110b64e6f63f618e4edd9887b81592b5fd
assets/factory_blocks/textures/block/ctm/cables/1.png	cbda6b9ce22eaf5b71fe8d94ad90c273a32ae7cd5f19858db8e2bba24f3a9361
assets/factory_blocks/textures/block/ctm/cables/2.png	fdc6d37d9ced2508b2aa6a0dc7cdd348aa84fdb98b7146c340c6dfa75613c704
assets/factory_blocks/textures/block/ctm/cables/3.png	d72451202bf0fa845035be139803667f0baaba3f9ce4bc0071c7c5210201068a
assets/factory_blocks/textures/block/ctm/cables/4.png	8966c0fc5ae4e2748faa222383dbfe3920a8672a953d56cc3b92325f903f8bdc
assets/factory_blocks/textures/block/ctm/caution/0.png	991e7dd82dbc19fa46b578acf95f4dc2b548e1c23b8225933c026f8783aba03d
assets/factory_blocks/textures/block/ctm/caution/1.png	0bdb47b1b085e14a4310a6c7437800892524abf42db689c03892bb67c9bd864f
assets/factory_blocks/textures/block/ctm/caution/2.png	ca5263ee49df1aea2d4f7907b22ed35dadc18a07cfb1d7d415c9f7d7c5041763
assets/factory_blocks/textures/block/ctm/caution/3.png	bfda3349b3ace0f19b970eb579de8c23d6b1b32bb85cc338b6ab761429e5bd3c
assets/factory_blocks/textures/block/ctm/caution/4.png	0c0204b5721d145108701dc725a68ae0acc7bb3b69b8126bff5fa410849eaff7
assets/factory_blocks/textures/block/ctm/circuit/0.png	07c69a5236452895a95cb30782fcc68741a869c98ecee1879ba2302321542dcf
assets/factory_blocks/textures/block/ctm/circuit/1.png	5d07deaaf57cec62a24bd8bd73d03bdee3aaccaef562aaabec75cca1077a717d
assets/factory_blocks/textures/block/ctm/circuit/2.png	0a3afed663629a03a30dca4b5502211c13a166ea76d0889e00251a4a3714873f
assets/factory_blocks/textures/block/ctm/circuit/3.png	f4b11c5dbdc613ba515b313dd95a65ed98cf023c780ddeec65cb17f5afc12972
assets/factory_blocks/textures/block/ctm/circuit/4.png	72c56f20506fae351fb9273c6eed36f915ac865d61dcab67ef26ea8b5ee95357
assets/factory_blocks/textures/block/ctm/engineer/0.png	0eec65f7d8b1d01784a1e5f3f6ea25a5827bcab05525500a47cd148e851c78b9
assets/factory_blocks/textures/block/ctm/engineer/1.png	5948006f4878cdbee5f1c157a28f46127ccbf64b34dea616790ca778b4113ae4
assets/factory_blocks/textures/block/ctm/engineer/2.png	2a5942e87f3d73913d2ec15e9582a94ff5cbe3784141a9520b7ab0807a8df2fe
assets/factory_blocks/textures/block/ctm/engineer/3.png	a1ac17cc9193a343b870f8e04c1135f4dc6e98818d87a1b043a2a4bc322e8278
assets/factory_blocks/textures/block/ctm/engineer/4.png	f5fd9c3eb78ec7ad70d74b33551c6c9aea9017f8952f4367a213d2b564b86890
assets/factory_blocks/textures/block/ctm/exhaust/0.png	10ed56ed8d6050f48492c9b851143546d733d690eb41e41be4e46c6f4b38c0ac
assets/factory_blocks/textures/block/ctm/exhaust/1.png	a96f986f0364b7549ae7e133b9821d9efe792106a69c1bc1df669fbf34b9eea2
assets/factory_blocks/textures/block/ctm/exhaust/2.png	6110107b9e93e2ad0f228660b2645839c15ef93c52a56f2b43d81bf0afc5fe9b
assets/factory_blocks/textures/block/ctm/exhaust/3.png	7c280a0f38ae8dfe6e0c498eff561b5e7cc2a582af3c2526c5268794f7689a32
assets/factory_blocks/textures/block/ctm/exhaust/4.png	dd308728cacf533dad6b56bd9cc962417b449484d348fbf5018bc35cb11dfd99
assets/factory_blocks/textures/block/ctm/factory/0.png	2d7c50c28ea9426f5fc26b681cc9bced591579af03ee531a86e1afb68ab7454e
assets/factory_blocks/textures/block/ctm/factory/1.png	91c1a3e69dac3fa94475a586e3442ccd04ac0e0d45b3340e8894cb06c9ef77c6
assets/factory_blocks/textures/block/ctm/factory/2.png	1b25c2c49254d066ee120f30edfbcda62cae1851905b96772d58208448cd6c33
assets/factory_blocks/textures/block/ctm/factory/3.png	872459467d9ee61f4ba02e07506a253079f19c8d138497d1bd2492caff0fb90f
assets/factory_blocks/textures/block/ctm/factory/4.png	8cbde995d1be9b44ae5b0e52dbf400d6639bb160a61efeddf19fee1c7ecfb236
assets/factory_blocks/textures/block/ctm/gcircuit/0.png	d74a30e9c24d2f247a3d81d87d239f98ecce1b5328a8aeb71bac46fd28255e6c
assets/factory_blocks/textures/block/ctm/gcircuit/1.png	08680a7d50b1da8f592761e3eb034cad9e265509dd734f84f5bdec32773eb546
assets/factory_blocks/textures/block/ctm/gcircuit/2.png	ef59381b76b779ecf3eda69f5f2f893bcad9a34a5c515e40777f65af814759b6
assets/factory_blocks/textures/block/ctm/gcircuit/3.png	13c1e2376d20796ec8fec7dd663a786e784c8b9d3597df84e9c5d5572e4d6918
assets/factory_blocks/textures/block/ctm/gcircuit/4.png	f3201bb9839d5e387c358ccbb7cc7dceebbebca5b07a37063d9bcfcf00e67cca
assets/factory_blocks/textures/block/ctm/gears/0.png	36969fc30697cce55d5c754c17dbad4566ceaf9314980a8694aec8b268102ad3
assets/factory_blocks/textures/block/ctm/gears/1.png	a81146f59a42ab7e1a5e84119b00b8976cd915a584f528ae126780cb8369df42
assets/factory_blocks/textures/block/ctm/gears/2.png	3d67e1c2dc7fef1634497b3c477a23eabfe43326c2e20a40e42410c751350856
assets/factory_blocks/textures/block/ctm/gears/3.png	1c55ed754ecda5c88200dc9cb377f516c3414f1d1083f3ee8cdf85cd149e911e
assets/factory_blocks/textures/block/ctm/gears/4.png	9d829c360eb51cf3a2f49a63c5d11c520a4658e4120b5ab41acbc47357729c1d
assets/factory_blocks/textures/block/ctm/grate/0.png	33e865edc671e947b4b654f814bf72e69a98e8c1b761af99e821e13507c225ec
assets/factory_blocks/textures/block/ctm/grate/1.png	dc83a4e602113dea1d15a55428eea05fbb965457e4690ad23b954fb8a7564432
assets/factory_blocks/textures/block/ctm/grate/2.png	4f9095c9583115b498ffbb734f7ae3debe4d2bf12b14a2f37463a71f91090b68
assets/factory_blocks/textures/block/ctm/grate/3.png	9f785914b7406220578f7bf3f954dd1cbee88165ebbcde5907173e0e36ed2b8e
assets/factory_blocks/textures/block/ctm/grate/4.png	936f8a5fc5aa479f6fad4e4fbd135228545ce63a7c24edc86625bf927f5a4f4a
assets/factory_blocks/textures/block/ctm/grinder/0.png	5784a2faac26c4264b604ba191587aa9aee2ee5c2b4e3cbbc9492d1adeb7564c
assets/factory_blocks/textures/block/ctm/grinder/1.png	917a1111d467f87729bffdf9916dc9e4535bb242cc6aacb7acca3c67849156e1
assets/factory_blocks/textures/block/ctm/grinder/2.png	61a54dd7b31925162fd31ee0c2df9e5464659a4e92c794ef5c34f37b8e4c46d6
assets/factory_blocks/textures/block/ctm/grinder/3.png	87a90a1d97098737e3cbad8a7b56df30cfceb987d96a4b6e68f25273aa64132f
assets/factory_blocks/textures/block/ctm/grinder/4.png	eb1b4d99ab1c831e8f22d0fe8dd129a6302e3428a246fa806588fda649347cbe
assets/factory_blocks/textures/block/ctm/gvent/0.png	76a25055fa002acfb43216f9311b15efb581eebe19774ba91a5972453e8a9354
assets/factory_blocks/textures/block/ctm/gvent/1.png	09dfa3eeed440aa1efa67aedb5a17da072a0f60ad04c971a2593d0c052f66330
assets/factory_blocks/textures/block/ctm/gvent/2.png	2c03450ad88ff871b6d3489ae28f10a7c39f660692a314ca1c84426a5cfb9b18
assets/factory_blocks/textures/block/ctm/gvent/3.png	7115b48406320fc28885c92fd714bf01f5c62d3ce7f5e46668224b43ad836e8c
assets/factory_blocks/textures/block/ctm/gvent/4.png	48e813166c44d1dad815fef33043477bc32366e6705b9c56d8a6c2c78ff7a47d
assets/factory_blocks/textures/block/ctm/hazard/0.png	2b5773cb13d67020dbf4bbdd17dea218b3ad3b908ed09681b66779fef8c2bcaa
assets/factory_blocks/textures/block/ctm/hazard/1.png	b80e1f626956f22f87d1057a6eb5f864696a8b58fdaff6b61a842f660e3572ba
assets/factory_blocks/textures/block/ctm/hazard/2.png	f827ad32eed12593d3de051b4814cecac8e12d7607b370e8e11e1b99b7b456f8
assets/factory_blocks/textures/block/ctm/hazard/3.png	c9285623bdaaa3c8e128a5d45e4a5cdf43d7077c1219d82c9f3e777bbed5187d
assets/factory_blocks/textures/block/ctm/hazard/4.png	685e69c33e68e5e5d833d571a6f7c86d0b27399b1af1ac83f54da2ce29b900ed
assets/factory_blocks/textures/block/ctm/hazardo/0.png	902736a89a4160cea50ec66b885b7a319504693b8861bec4ab943ca51ff389a4
assets/factory_blocks/textures/block/ctm/hazardo/1.png	bf2ebc1bf55bda95007f7b1eb913c17f50d1af96bf3cfde1fe826c2f59d8b919
assets/factory_blocks/textures/block/ctm/hazardo/2.png	26df98d876b4797868208730418170a3642fb5698891aee9d74ae4f36b222ed2
assets/factory_blocks/textures/block/ctm/hazardo/3.png	9dae96d909478ea3dd042792bd2364fe6edfb362dd9c40681202d76bfe0a552f
assets/factory_blocks/textures/block/ctm/hazardo/4.png	2ac8689708b0081d32ffff2a2fc812355cd42aa0dbfa79973c3a31295e031d3c
assets/factory_blocks/textures/block/ctm/hex/1.png	27e6be88f4e67f088f6ad59a8eed5a47a4da52e1304f6f65b749ed69873af042
assets/factory_blocks/textures/block/ctm/hex/2.png	5f735504ffccdc51ebb7ec8017b805be33f2924fca38a58f7030f5bbb068bf85
assets/factory_blocks/textures/block/ctm/hex/3.png	0ec1cf25f4f80b283d380d53a7a285654352b8be7b5c67ea5fcfcdb28c97b620
assets/factory_blocks/textures/block/ctm/hex/4.png	18103e04993d493c3aba656e73a124deebb19610297976c351ca5eaa710abf23
assets/factory_blocks/textures/block/ctm/hex/5.png	276dc0a9d4c751db612d06d65516cf55ff98582108b018f6f915b26d215b8642
assets/factory_blocks/textures/block/ctm/hex/6.png	106e532f0d82be8e22fe946148f3f969671722217a35b70f54248eea92fa82d6
assets/factory_blocks/textures/block/ctm/hex/7.png	bc4d811b4c52423dd9832e8437ce5e5383bad15d344a24bf5e9cce2a25009d61
assets/factory_blocks/textures/block/ctm/hex/8.png	afd85e36dfeaaf64f76f8e2980101cc0d10212c813d2073b0cc722921e7c1309
assets/factory_blocks/textures/block/ctm/hex/9.png	4d2f2b48d182d8e029cf4a365c7ffe6abae8075834e8c625939e6a5d570ade0e
assets/factory_blocks/textures/block/ctm/ice/0.png	34c41bcd6679b88b08df47507d5af342daa53e58b6ec4d8611a7e25a72a7a47f
assets/factory_blocks/textures/block/ctm/ice/1.png	370fe8bb53bc409e6b312f36838d57519ba99ff80f4eb201c6cb0b0e483795a8
assets/factory_blocks/textures/block/ctm/ice/2.png	074c350f3f721b13b70df9e6b4d24935286967610ed9630c16d90b28fcf2dc31
assets/factory_blocks/textures/block/ctm/ice/3.png	7af42586fb4d219c320b0fe87fc1f28c31ae360c98fe0581b88bde1596237d82
assets/factory_blocks/textures/block/ctm/ice/4.png	123e5f985ee63cc0e800082ac591200a6795ab67ff5ae92e402c06ffe77a2a95
assets/factory_blocks/textures/block/ctm/insulation/0.png	8a95a1b3293e3ed2b786e01f7264bf46d42ec2ef990e766278bb680546af5061
assets/factory_blocks/textures/block/ctm/insulation/1.png	d1a2ddf7f8848d64e729504df6831137a7be99da9e2cbb8e34f489975b842e49
assets/factory_blocks/textures/block/ctm/insulation/2.png	982ae0a2e9d753b1abe3a3b36d607292cb7292367178d8b6fe44a434d118fe84
assets/factory_blocks/textures/block/ctm/insulation/3.png	53ff7e3158fea0e3a93dff27728b2344cd7332e58b5f3252e778caa0aefc1940
assets/factory_blocks/textures/block/ctm/insulation/4.png	da1a15602cb3bdd89616b741cd782e3280fb9a544e7007506c9154acb2f09aae
assets/factory_blocks/textures/block/ctm/large_pipes/0.png	bfb9b181a1dd3fad32de6c34c2b4da9a4c28f5faaa1372b4c8a2234125221e64
assets/factory_blocks/textures/block/ctm/large_pipes/1.png	ce669cf880100fbdcbb14b456d47968aeb327812e4412ce8a6a199fa40ca3d62
assets/factory_blocks/textures/block/ctm/large_pipes/2.png	7956ab65cdb4f0bea636e9d823bafa5c0854f999e918122020581236d20adf10
assets/factory_blocks/textures/block/ctm/large_pipes/3.png	b4e3e45ac2f8d5f209c273f3e48a57e8ae9396ce058727145d7f027758bcffb5
assets/factory_blocks/textures/block/ctm/large_pipes/4.png	e286e09958e0fb00f2b2c942e39321107245e20d4055bdf91e421bcfa4c34a1a
assets/factory_blocks/textures/block/ctm/large_plating/1.png	a5801bce281c38dc0e003791574a4f4c5d2480f6d0404a21346b44c2fe7345b5
assets/factory_blocks/textures/block/ctm/large_plating/2.png	9acb71333f206c9eb16ecd031e5acdb2aedc22a7d6c74750b643fb519282cad8
assets/factory_blocks/textures/block/ctm/large_plating/3.png	d10be93ffb4571e6071b95d2ea5a0413678a9f18b7a9b82926ed14137d87ec24
assets/factory_blocks/textures/block/ctm/large_plating/4.png	9a9cd71f82000983062d20fd5e3dd84ff80adda2b157d10f308a4004db9cf9f0
assets/factory_blocks/textures/block/ctm/large_plating/5.png	dd14370a561272d871c98902b9dd9a1b2229efda416fbdcd491cb0ac125666fa
assets/factory_blocks/textures/block/ctm/large_plating/6.png	12823e38644a87b62f130d3b08354da3bac76f97baa6896bf0f2af9fbc0c59c9
assets/factory_blocks/textures/block/ctm/large_plating/7.png	4853dad1b4370f6390e7c0df84c55ef3fc25dc9cd52b7b84ac1ef5e0c3fc4b8d
assets/factory_blocks/textures/block/ctm/large_plating/8.png	c6cdebbfbd008b5cbd92772f7c26f5fe99cdb4cc576c45ca4a0a79c8ce034cf4
assets/factory_blocks/textures/block/ctm/large_plating/9.png	e31166a6548cb6e01d774870f58c6c167b12026c45fddc74cedeaa49f7522bca
assets/factory_blocks/textures/block/ctm/mosaic/0.png	ceab5d88dda362eb9dad1992acc2cdb8189d161906a6c8bec4ee07467a3f04d0
assets/factory_blocks/textures/block/ctm/mosaic/1.png	44c574921155a5e09bfd93942a7c0311b0f37e44ffc8d96938a901f940bfff6d
assets/factory_blocks/textures/block/ctm/mosaic/2.png	7260885218448d7353c0bfdcea5fc2bc61d6ebd108bcdd296302c059a61b8ace
assets/factory_blocks/textures/block/ctm/mosaic/3.png	1be3860382c9adb095eabe9223361aacddc1c3f96d85b5fb0c783de18924a51f
assets/factory_blocks/textures/block/ctm/mosaic/4.png	1e49f012c49f9a553e7e4d114283fbc5a90d03b3f28219e176716ac955d622be
assets/factory_blocks/textures/block/ctm/old_vents/1.png	9c01cf149e1932e0cc3bfbc0d9b103f6befcca908aa2177b960a0902345e43b4
assets/factory_blocks/textures/block/ctm/old_vents/2.png	635d3e0999b4e26fb983c0126533451c7ea8ba98d1a54ce1dc77bd67dd7ba5b0
assets/factory_blocks/textures/block/ctm/old_vents/3.png	e5e5bb332744305f7c8dc783f901eaa965ff83e0bc99887ff55373f19c742afa
assets/factory_blocks/textures/block/ctm/old_vents/4.png	2bbf67d0bfd4889a8553e3e97264985b05cd9b6b7dd05634b9f1f44e9ab83d8f
assets/factory_blocks/textures/block/ctm/old_vents/5.png	1112e0c11f77127b027434561176d620e21da04469c62fc4fe9338048a66e2e5
assets/factory_blocks/textures/block/ctm/old_vents/6.png	bab39ed5eea48429a29848603e3e278165903981e327b73c25a5e20eb8c343db
assets/factory_blocks/textures/block/ctm/old_vents/7.png	2da2f23f14c483703eac59908ae9bcdc0fb1f13c0cdde44753125d7a799f0d57
assets/factory_blocks/textures/block/ctm/old_vents/8.png	7ee71b21187750d7e0f90e73cc8a147ba6efb4c3c4b4cbe2acae319425474c8b
assets/factory_blocks/textures/block/ctm/old_vents/9.png	e5e5bb332744305f7c8dc783f901eaa965ff83e0bc99887ff55373f19c742afa
assets/factory_blocks/textures/block/ctm/pgcircuit/0.png	8f358ac7b7ad5816fd1bcf423b3b53d6b1d8eb034a564a634e580982a259e3cc
assets/factory_blocks/textures/block/ctm/pgcircuit/1.png	1ad0dd66905419e4e2317009cedf7f3e69725af2d1f17608f205a6c55a6f44a0
assets/factory_blocks/textures/block/ctm/pgcircuit/2.png	d5ec9e2c4c38f19635280f596826dc4add575a9d13c24c9463b697ebaaa9a4a9
assets/factory_blocks/textures/block/ctm/pgcircuit/3.png	f48260f3216a163de4fc433fea50f1bde6234791fe035375031af7b2f034490f
assets/factory_blocks/textures/block/ctm/pgcircuit/4.png	e485891e8c4e5be7e590e516d91407afbd42a03765e3ee5f65a12b2cdb5ce669
assets/factory_blocks/textures/block/ctm/pwireframe/0.png	b02db5c62fcd3ceaffd19e3ff003770420806d10e22c2560e61980eb44cd4767
assets/factory_blocks/textures/block/ctm/pwireframe/1.png	70263542fd92f71e846d4a2274d575497e3bf73e1ee454cc8e0fbf110785324c
assets/factory_blocks/textures/block/ctm/pwireframe/2.png	adda2980dd3a7e8b3b4177b8fbe909a73b54eabdfcab951e83d56c0eb5ac89cd
assets/factory_blocks/textures/block/ctm/pwireframe/3.png	6eb305a261db76145d1f229553e731666d171b86b101cfa87d30cfd7f121a6f1
assets/factory_blocks/textures/block/ctm/pwireframe/4.png	4f8a6caf6764516e0b655ef45ba394d6f0d41da8f500ffe0dd721e94130c7c01
assets/factory_blocks/textures/block/ctm/rgrate/0.png	a1e2e7300faa76db94225d67c7b85a0a45622d50541d4c49094f7a5bdce22db5
assets/factory_blocks/textures/block/ctm/rgrate/1.png	eea841cb852fdf4430523b436cba964106749735ee248ffec4480023cd7b2fbb
assets/factory_blocks/textures/block/ctm/rgrate/2.png	7e0cd3a16cc2d7bd5a0d8ef469db0d24ada9cc3dd664862a94e47f9f0c2e1e11
assets/factory_blocks/textures/block/ctm/rgrate/3.png	990fefee11360ad5275fc2434d7dbae284da27fa015d9fbdde08ac34169d32ec
assets/factory_blocks/textures/block/ctm/rgrate/4.png	46c272a7fc3028c77165f9192db948d46d7f633aa141fb373dee37e852da182d
assets/factory_blocks/textures/block/ctm/rust/0.png	3d407ab13a953c933c1578b51e835396f6e54cf6c35573b1cf8fe09ed31f1f25
assets/factory_blocks/textures/block/ctm/rust/1.png	a65caa686222144151356a1cb6e85e073f056751c761e2b77aa5db6558076af6
assets/factory_blocks/textures/block/ctm/rust/2.png	ebbf79747b2e13d685bf9e20c01c1dbde7a77743f321915e454bf696c29753a6
assets/factory_blocks/textures/block/ctm/rust/3.png	2d2366598a5e3f0bcceaec7e372420fc6c3a21d441c29eaa8276b27e68e59e26
assets/factory_blocks/textures/block/ctm/rust/4.png	8c4840eeaf2a0d5cfb4fa0fa19ccd915f865febba8537b782b968940ca532182
assets/factory_blocks/textures/block/ctm/rust_plates/0.png	46c9cff2d7770ca03cf86a93ff7763b514aef0d28b95d0b3bcae6a8ad9472279
assets/factory_blocks/textures/block/ctm/rust_plates/1.png	289f9e020e38b528517003b86de48e6c98fad2f6abe0674f609f9f72ec0f8607
assets/factory_blocks/textures/block/ctm/rust_plates/2.png	f051c47cc6d4d645525bafab6059cb64a3a1f7a8b556bca5c9f2c52ae0e44273
assets/factory_blocks/textures/block/ctm/rust_plates/3.png	db0a9944144f24d0146eb7242c013f0eff0eaf6530b5492d8abbae5606bc445b
assets/factory_blocks/textures/block/ctm/rust_plates/4.png	403b9de8f85a1efd2e5d99543e859e1ea86f67b903674600d28ae2b2c83fe60c
assets/factory_blocks/textures/block/ctm/rusty_scaffold/0.png	9cab8bc793abbaf0df50072099ba23dc1534f98163efe61bcbdddc31a2c35c5a
assets/factory_blocks/textures/block/ctm/rusty_scaffold/1.png	a659503087255e45052efee3981a00b6a54125eb9f94fe90d61401e7ef045d93
assets/factory_blocks/textures/block/ctm/rusty_scaffold/2.png	c5da91b05b8b80c64880bfdc5687153c189048c15f07615cd0e515fddfcbe716
assets/factory_blocks/textures/block/ctm/rusty_scaffold/3.png	78264914a1c4cb40d109cdcb9b5b6cb7362ec61ef00107218b7d9071d6397ddb
assets/factory_blocks/textures/block/ctm/rusty_scaffold/4.png	a5ddf8312dc0e185ae8beea7d3c6dd60a96078e461dda8c9f20d727fb1bc9c35
assets/factory_blocks/textures/block/ctm/scaffold/0.png	8501303ad875426ef9f94b3fc764e36f76d4cf68bba05eb91dc2533b53b83575
assets/factory_blocks/textures/block/ctm/scaffold/1.png	2f723eecce532e7203efeb66f68dee9306390d8943221fa399aa0b00f97d6678
assets/factory_blocks/textures/block/ctm/scaffold/2.png	219d2bbf4828516071e6ac1e20d65b92ed32142dca3ecf959c25d9bfb4d45ce3
assets/factory_blocks/textures/block/ctm/scaffold/3.png	9b452f39c7855832fa5291ba7ba4f3cffd3a6edb2e353269fbc2c4b420d0011f
assets/factory_blocks/textures/block/ctm/scaffold/4.png	7ce0e4d305bc38a11820f42819439302206e0775f37a01e92cae8064c5e9ae23
assets/factory_blocks/textures/block/ctm/small_pipes/0.png	409d1e4437850d1dd4c5c4ac57f37e4769ab9ca5bcaa2027f260e6356c576f1c
assets/factory_blocks/textures/block/ctm/small_pipes/1.png	abf72bab677f552a8689cd2a545e5475cfa25bd1f98874a50a0a1ef668971d1c
assets/factory_blocks/textures/block/ctm/small_pipes/2.png	6e368f9545fb632da61956a50db377ed58970e81cac190e5bf84883de7baf6e4
assets/factory_blocks/textures/block/ctm/small_pipes/3.png	fa2cd5d870b363faf415c06e5ed95c11868418623e84bb7c192d73ea5a7d2133
assets/factory_blocks/textures/block/ctm/small_pipes/4.png	96de6ef25db3d0503744fd84a77f8c17ddf6f9f7afd2add5a2b59c45fbd3c812
assets/factory_blocks/textures/block/ctm/srust/0.png	a12fa95bae40d08b55b7d3d31efc0093c2402aacd807106cfe6520aee7f921a7
assets/factory_blocks/textures/block/ctm/srust/1.png	b125a3575671779276da5c39a6321b520906950b8f22643295b9bd10d559eed5
assets/factory_blocks/textures/block/ctm/srust/2.png	b30146a6a8bb8713e6f13c994322c6e2577a8302b3beeb2f6a2816903d7bb01c
assets/factory_blocks/textures/block/ctm/srust/3.png	387c32ba4ac20cde1ab797e314b529247bafeb47ffc4995cadeb2799cb7c552c
assets/factory_blocks/textures/block/ctm/srust/4.png	1ccb477f14e869c3bb57000579fb2083730c35ef3af82a6bc04547682e9ea523
assets/factory_blocks/textures/block/ctm/sturdy/0.png	d8f8b0c9f0e8727bfc3749818548ee1b47f1efb176ee5a9e3fe5879f90c5d145
assets/factory_blocks/textures/block/ctm/sturdy/1.png	e89ce9dbae0fb6ec51733531251e710b47761f8db4c1d7f0c6710cac06673670
assets/factory_blocks/textures/block/ctm/sturdy/2.png	4933aa14a967250faf55b60161e082941e71dee5c651c78d09167f816c5e91ed
assets/factory_blocks/textures/block/ctm/sturdy/3.png	0fe2d9ec76eeed0a7231a060258d539476981ccda4915b3cd85d8ec5d777adc4
assets/factory_blocks/textures/block/ctm/sturdy/4.png	21c350a1d0da706f7385aca9d647f9a037f39d2216a950e2049efbd78d9ea137
assets/factory_blocks/textures/block/ctm/vent/0.png	c9f4f97771c0eff596f60003b814d256a8bb4ac758d9ef20695dc3a468d6d607
assets/factory_blocks/textures/block/ctm/vent/1.png	e22045d6cfa95457f214a0cec23fbc3857150ce31f9e58b6266eca0ace7b6b11
assets/factory_blocks/textures/block/ctm/vent/2.png	293d44e56a0d8d9845d075e6efdf963b606c1d74b6326985d721bbbb7515a525
assets/factory_blocks/textures/block/ctm/vent/3.png	925ed612f73705d37797c76a8a9ba76d45942eb1ae1309ab1394acdd5e4c06be
assets/factory_blocks/textures/block/ctm/vent/4.png	ad236c7b3fe1372c378e4a3d48f53622a44ba36785ce13c9f40c35914c0f0495
assets/factory_blocks/textures/block/ctm/vrust/0.png	0728f465bbdfc05a4b1c5481e46d88398c0c2116bb24b2045a2458da2ef9d54f
assets/factory_blocks/textures/block/ctm/vrust/1.png	b685fc242e194aee7ded74b467cd55a665c39422feac555a6602f075669f097f
assets/factory_blocks/textures/block/ctm/vrust/2.png	a85605e45c4e98e7010b4146b42c472582d1522ba232aae4b6b5b8bf709406fa
assets/factory_blocks/textures/block/ctm/vrust/3.png	79be6aab7323d0e3a9e152a28dd32e82f61b067499490cccba50d1d7387cdf21
assets/factory_blocks/textures/block/ctm/vrust/4.png	35b0f34aa7e2d690362624881e560289419bc754aff1203f2b78b42200daf89d
assets/factory_blocks/textures/block/ctm/wireframe/0.png	691dddb0cc683aaaf4c2bf0af204c61b4162a78a485ede8883e938a2d7d3179e
assets/factory_blocks/textures/block/ctm/wireframe/1.png	2595719c26e5f2937b76d1fb1cd014a36a10bac23f2edd7e1ba6d263a378587f
assets/factory_blocks/textures/block/ctm/wireframe/2.png	45845de425ccb349cae3d116dc81b21b5e5071165524dfc17f2e3968bd58f5e9
assets/factory_blocks/textures/block/ctm/wireframe/3.png	5268bab8ad74971119642f49730789f67ae943f3203b090977b865a57fa073b8
assets/factory_blocks/textures/block/ctm/wireframe/4.png	e613f41d368fd93d888fe439049af28eb1f970d40adbfcd2cfca61b829f548b4
assets/factory_blocks/textures/block/hex.png	cbc8c3d89a1e3d1edd50fdce2fa0d6f502703ba309de23ff0b1235825656cdf9
assets/factory_blocks/textures/block/large_plating.png	a5801bce281c38dc0e003791574a4f4c5d2480f6d0404a21346b44c2fe7345b5
assets/factory_blocks/textures/block/old_vents.png	9c01cf149e1932e0cc3bfbc0d9b103f6befcca908aa2177b960a0902345e43b4
