section	label	x	y	z	block
A	isolated factory	164	100	164	factory_blocks:factory
A	factory wall lower-left	168	100	164	factory_blocks:factory
A	factory wall lower-edge	169	100	164	factory_blocks:factory
A	factory wall lower-right	170	100	164	factory_blocks:factory
A	factory wall left-edge	168	101	164	factory_blocks:factory
A	factory wall center	169	101	164	factory_blocks:factory
A	factory wall right-edge	170	101	164	factory_blocks:factory
A	factory wall upper-left	168	102	164	factory_blocks:factory
A	factory wall upper-edge	169	102	164	factory_blocks:factory
A	factory wall upper-right	170	102	164	factory_blocks:factory
B	hex south role 1	180	102	164	factory_blocks:hex
B	hex south role 2	181	102	164	factory_blocks:hex
B	hex south role 3	182	102	164	factory_blocks:hex
B	hex south role 4	180	103	164	factory_blocks:hex
B	hex south role 5	181	103	164	factory_blocks:hex
B	hex south role 6	182	103	164	factory_blocks:hex
B	hex south role 7	180	104	164	factory_blocks:hex
B	hex south role 8	181	104	164	factory_blocks:hex
B	hex south role 9	182	104	164	factory_blocks:hex
C	gears lower-left	192	100	164	factory_blocks:gears
C	gears lower-right	193	100	164	factory_blocks:gears
C	gears upper-left	192	101	164	factory_blocks:gears
C	gears upper-right	193	101	164	factory_blocks:gears
D	stock metalbox control	204	100	164	factory_blocks:metalbox
D	stock piping control	208	100	164	factory_blocks:piping
